{
  "controller/EmployeeList.controller.js": 1751351388978,
  "controller/App.controller.js": 1751351935786,
  "controller/EmployeeInfo.controller.js": 1751351430298,
  "controller/NotFound.controller.js": 1751351425582,
  "manifest.json": 1751351874702,
  "Component.js": 1751351532755,
  "controller/EmployeeList-dbg.controller.js": 1751351388978,
  "controller/EmployeeList.controller.js.map": 1751352516639,
  "controller/App-dbg.controller.js": 1751351935786,
  "controller/App.controller.js.map": 1751352516596,
  "controller/EmployeeInfo-dbg.controller.js": 1751351430298,
  "controller/EmployeeInfo.controller.js.map": 1751352516644,
  "controller/NotFound-dbg.controller.js": 1751351425582,
  "controller/NotFound.controller.js.map": 1751352516593,
  "Component-dbg.js": 1751351532755,
  "Component.js.map": 1751352516598,
  "Component-preload.js": 1751352516729,
  "Component-preload.js.map": 1751352516729,
  "view/fragment/Header.fragment.xml": 1751014778211,
  "view/fragment/ConfirmationDialog.fragment.xml": 1750600206566,
  "view/NotFound.view.xml": 1751351406666,
  "view/EmployeeList.view.xml": 1751351379538,
  "view/EmployeeInfo.view.xml": 1751351413126,
  "view/App.view.xml": 1751351964170,
  "img/Abeam_Logo.jpg": 1750315030409,
  "index.html": 1751351758809
}