{
  "view/NotFound.view.xml": 1751420624372,
  "controller/EmployeeList.controller.js": 1751420624372,
  "controller/EmployeeInfo.controller.js": 1751420624372,
  "controller/App.controller.js": 1751420624372,
  "manifest.json": 1751420624372,
  "Component.js": 1751420624372,
  "controller/EmployeeList-dbg.controller.js": 1751420624372,
  "controller/EmployeeList.controller.js.map": 1751444493751,
  "controller/NotFound-dbg.controller.js": 1751420624372,
  "controller/NotFound.controller.js.map": 1751444493740,
  "controller/EmployeeInfo-dbg.controller.js": 1751420624372,
  "controller/EmployeeInfo.controller.js.map": 1751444493755,
  "controller/App-dbg.controller.js": 1751420624372,
  "controller/App.controller.js.map": 1751444493742,
  "Component-dbg.js": 1751420624372,
  "Component.js.map": 1751444493744,
  "Component-preload.js": 1751444493861,
  "Component-preload.js.map": 1751444493861,
  "view/fragment/Header.fragment.xml": 1751420624372,
  "view/fragment/ConfirmationDialog.fragment.xml": 1751420624372,
  "controller/NotFound.controller.js": 1751420624372,
  "view/EmployeeList.view.xml": 1751420624372,
  "view/EmployeeInfo.view.xml": 1751420624372,
  "view/App.view.xml": 1751420624372,
  "img/Abeam_Logo.jpg": 1751420624372,
  "index.html": 1751420624372,
  ".gitkeep": 1751420624372
}