{
  "view/EmployeeInfo.view.xml": 1751552068945,
  "controller/EmployeeList.controller.js": 1751552068945,
  "controller/EmployeeInfo.controller.js": 1751552068945,
  "controller/NotFound.controller.js": 1751552068945,
  "manifest.json": 1751552194815,
  "Component.js": 1751552068945,
  "controller/EmployeeInfo-dbg.controller.js": 1751552068945,
  "controller/EmployeeInfo.controller.js.map": 1751556078368,
  "controller/EmployeeList-dbg.controller.js": 1751552068945,
  "controller/EmployeeList.controller.js.map": 1751556078325,
  "controller/App-dbg.controller.js": 1751552068945,
  "controller/App.controller.js.map": 1751556078320,
  "controller/NotFound-dbg.controller.js": 1751552068945,
  "controller/NotFound.controller.js.map": 1751556078320,
  "Component-dbg.js": 1751552068945,
  "Component.js.map": 1751556078326,
  "Component-preload.js": 1751556078447,
  "Component-preload.js.map": 1751556078447,
  "view/fragment/Header.fragment.xml": 1751552068945,
  "view/fragment/ConfirmationDialog.fragment.xml": 1751552068945,
  "view/NotFound.view.xml": 1751552068945,
  "view/EmployeeList.view.xml": 1751552068945,
  "controller/App.controller.js": 1751552068945,
  "view/App.view.xml": 1751552068945,
  "img/Abeam_Logo.jpg": 1751552068945,
  "index.html": 1751556055245,
  ".gitkeep": 1751552068945
}